{"cameraMode":{"drawMode":0,"name":"Shaded","section":"Shading Mode"},"sceneLighting":false,"audioPlay":false,"sceneViewState":{"showFog":true,"showMaterialUpdate":false,"showSkybox":false,"showFlares":true,"showImageEffects":true,"showParticleSystems":true},"in2DMode":false,"pivot":{"x":-5.960464477539063e-7,"y":1.0407719612121583,"z":0.140436053276062},"rotation":{"x":0.0027286887634545566,"y":0.6525884866714478,"z":0.0023503212723881008,"w":-0.7577040195465088},"size":6.386345863342285,"orthographic":false}