{"cameraMode":{"drawMode":0,"name":"Shaded","section":"Shading Mode"},"sceneLighting":false,"audioPlay":false,"sceneViewState":{"showFog":true,"showMaterialUpdate":false,"showSkybox":false,"showFlares":true,"showImageEffects":true,"showParticleSystems":true},"in2DMode":false,"pivot":{"x":75.58351135253906,"y":85.69470977783203,"z":-1.8889447450637818},"rotation":{"x":-0.31888625025749209,"y":0.629275381565094,"z":-0.31641024351119997,"w":-0.6341992616653442},"size":12.917603492736817,"orthographic":false}