{"cameraMode":{"drawMode":0,"name":"Shaded","section":"Shading Mode"},"sceneLighting":false,"audioPlay":false,"sceneViewState":{"showFog":true,"showMaterialUpdate":false,"showSkybox":false,"showFlares":true,"showImageEffects":true,"showParticleSystems":true},"in2DMode":false,"pivot":{"x":-0.7599999904632568,"y":0.0,"z":0.6299996376037598},"rotation":{"x":-0.41076111793518069,"y":-0.009027739055454731,"z":0.004067453555762768,"w":-0.911689281463623},"size":2.414529323577881,"orthographic":false}